[{"anchor_meta_data":{},"scene_name":"default","env_map":"","env_map_intensity":1,"images":[{"image_name":"2elpJ","referenced_id":"2elpJ","url":"1636352049.png","url_data":{},"position":{"x":"0","z":"0","y":"0.8947"},"rotation":{"x":"90","y":"0","z":"0"},"scaling":{"x":"0.5","y":"0.1768","z":"0.1"},"opacity":"255","starting_scale_x":0.5,"starting_scale_y":0.1767578125,"on_tracking":1,"a_ratio":0.353515625,"modefied_date":"2021-11-09 08:57:40","animation":[],"events":{"single_tap":[{"parent_id":"2elpJ","content_id":"2elpJ","content_type":"image","event_type":"single_tap","event_action":"scene","object_data":{"object_body":"","object_name":"szkt7h","object_type":"scenes"}}]}},{"image_name":"PSaR3eZ","referenced_id":"PSaR3eZ","url":"1636448123.png","url_data":{},"position":{"x":"0","z":"0.0138","y":"1.7618"},"rotation":{"x":"90","y":"0","z":"0"},"scaling":{"x":"0.2493","y":"0.2493","z":"0.2493"},"opacity":"255","starting_scale_x":0.5,"starting_scale_y":0.5,"on_tracking":1,"a_ratio":1,"modefied_date":"2021-11-09 08:57:40","animation":[],"events":[]}],"sprite_images":[],"videos":[],"audios":[],"models":[{"position":{"x":"0","z":"1.0241","y":"0"},"rotation":{"x":"90","y":"0","z":"0"},"scaling":{"x":"0.0483","y":"0.0483","z":"0.0483"},"model_name":"kwy8v","shader_type":"Standard","on_tracking":1,"shaders":{"metallic_value":0,"smooth_value":0,"high_map_range":0.005,"occlusion_range":0,"emission_enable":0,"emission_color":"","albedo_color":"","albedo_texture":"","emission_texture":"","normal_map_texture":"","bump_map_texture":"","occlussion_texture":"","mettalic_texture":""},"child_meshes":[],"modefied_date":"2021-11-09 08:57:40","model_zip_path":"kwy8v.glb","url_data":{},"opacity":255,"animation":{"parent":[],"child":[]},"events":{"parent":[],"child":[]}}],"buttons":[],"texts":[],"lights":[{"name":"Directional","position":{"x":"0","z":"-1","y":"1.5"},"rotation":{"x":"50","y":"-30","z":"0"},"scale":{"x":"1","y":"1","z":"1"},"color":"#ffffff","intensity":0.7,"shadow":1,"shadow_strength":0.5,"range":0},{"name":"Ambient","position":{"x":"0","z":"0","y":"0"},"rotation":{"x":"0","y":"0","z":"0"},"scale":{"x":"1","y":"1","z":"1"},"color":"#616D84","intensity":1.3,"shadow":0,"shadow_strength":0.5,"range":0}],"widgets":[],"default_elements":[],"ui_elements_shapes":[],"ui_elements_texts":[],"ui_elements_images":[],"groups":[]},{"anchor_meta_data":{},"scene_name":"szkt7h","env_map":"https:\/\/plugxrassets.s3.ap-south-1.amazonaws.com\/envmap.jpeg","env_map_intensity":1,"images":[{"image_name":"iLDIk","referenced_id":"iLDIk","url":"1636354673.png","url_data":{},"position":{"x":"0.4571","z":"0","y":"1.2212"},"rotation":{"x":"90","y":"0","z":"0"},"scaling":{"x":"0.3","y":"0.0938","z":"0.1"},"opacity":"255","starting_scale_x":0.5,"starting_scale_y":0.15625,"on_tracking":1,"a_ratio":0.3125,"modefied_date":"2021-11-09 09:02:43","animation":[],"events":[]},{"image_name":"CUpn4","referenced_id":"CUpn4","url":"1636354673.png","url_data":{},"position":{"x":"0.4688","z":"0","y":"0.7997"},"rotation":{"x":"90","y":"0","z":"0"},"scaling":{"x":"0.3","y":"0.0938","z":"0.1"},"opacity":"255","starting_scale_x":0.5,"starting_scale_y":0.15625,"on_tracking":1,"a_ratio":0.3125,"modefied_date":"2021-11-09 09:02:43","animation":[],"events":{"single_tap":[{"parent_id":"CUpn4","content_id":"CUpn4","content_type":"image","event_type":"single_tap","event_action":"scene","object_data":{"object_body":"","object_name":"sd4mr1","object_type":"scenes"}}]}},{"image_name":"WHryj","referenced_id":"WHryj","url":"1636354673.png","url_data":{},"position":{"x":"0.4768","z":"0","y":"0.3992"},"rotation":{"x":"90","y":"0","z":"0"},"scaling":{"x":"0.3","y":"0.0938","z":"0.1"},"opacity":"255","starting_scale_x":0.5,"starting_scale_y":0.15625,"on_tracking":1,"a_ratio":0.3125,"modefied_date":"2021-11-09 09:02:43","animation":[],"events":[]},{"image_name":"vmQNE","referenced_id":"vmQNE","url":"1636352151.png","url_data":{},"position":{"x":"0","z":"0","y":"0.4045"},"rotation":{"x":"90","y":"0","z":"0"},"scaling":{"x":"0.5521","y":"0.3935","z":"0.1104"},"opacity":"255","starting_scale_x":0.5,"starting_scale_y":0.3564453125,"on_tracking":1,"a_ratio":0.712890625,"modefied_date":"2021-11-09 09:02:43","animation":[],"events":[]},{"image_name":"RXjFp","referenced_id":"RXjFp","url":"1636352156.png","url_data":{},"position":{"x":"0","z":"0","y":"0.8052"},"rotation":{"x":"90","y":"0","z":"0"},"scaling":{"x":"0.5481","y":"0.3907","z":"0.1096"},"opacity":"255","starting_scale_x":0.5,"starting_scale_y":0.3564453125,"on_tracking":1,"a_ratio":0.712890625,"modefied_date":"2021-11-09 09:02:43","animation":[],"events":[]},{"image_name":"KobSj","referenced_id":"KobSj","url":"1636352147.png","url_data":{},"position":{"x":"0","z":"0","y":"1.2194"},"rotation":{"x":"90","y":"0","z":"0"},"scaling":{"x":"0.5386","y":"0.3829","z":"0.1781"},"opacity":"255","starting_scale_x":0.5,"starting_scale_y":0.35546875,"on_tracking":1,"a_ratio":0.7109375,"modefied_date":"2021-11-09 09:02:43","animation":[],"events":[]}],"sprite_images":[],"videos":[],"audios":[],"models":[],"buttons":[],"texts":[],"lights":[{"name":"Directional","position":{"x":"0","z":"-1","y":"1.5"},"rotation":{"x":"50","y":"-30","z":"0"},"scale":{"x":"1","y":"1","z":"1"},"color":"#ffffff","intensity":0.7,"shadow":1,"shadow_strength":0.5,"range":0},{"name":"Ambient","position":{"x":"0","z":"-1","y":"1.5"},"rotation":{"x":"50","y":"-30","z":"0"},"scale":{"x":"1","y":"1","z":"1"},"color":"#ffffff","intensity":1.3,"shadow":1,"shadow_strength":0.5,"range":0}],"widgets":[],"default_elements":[],"ui_elements_shapes":[],"ui_elements_texts":[],"ui_elements_images":[],"groups":[]},{"anchor_meta_data":{},"scene_name":"sd4mr1","env_map":"https:\/\/plugxrassets.s3.ap-south-1.amazonaws.com\/envmap.jpeg","env_map_intensity":1,"images":[{"image_name":"PSls8Qx","referenced_id":"PSls8Qx","url":"1636449093.png","url_data":{},"position":{"x":"-0.0084","z":"0","y":"1.3526"},"rotation":{"x":"90","y":"0","z":"0"},"scaling":{"x":"0.3898","y":"0.1355","z":"0.5"},"opacity":"255","starting_scale_x":0.5,"starting_scale_y":0.173828125,"on_tracking":1,"a_ratio":0.34765625,"modefied_date":"2021-11-09 09:17:16","animation":[],"events":[]},{"image_name":"PS9Fac0","referenced_id":"PS9Fac0","url":"1636449089.png","url_data":{},"position":{"x":"0.7827","z":"0","y":"1.3522"},"rotation":{"x":"90","y":"0","z":"0"},"scaling":{"x":"0.3898","y":"0.1355","z":"0.5"},"opacity":"255","starting_scale_x":0.5,"starting_scale_y":0.173828125,"on_tracking":1,"a_ratio":0.34765625,"modefied_date":"2021-11-09 09:17:16","animation":[],"events":[]},{"image_name":"PS6SJGH","referenced_id":"PS6SJGH","url":"1636449085.png","url_data":{},"position":{"x":"-0.0053","z":"0","y":"1.5705"},"rotation":{"x":"90","y":"0","z":"0"},"scaling":{"x":"0.5","y":"0.1735","z":"0.5"},"opacity":"255","starting_scale_x":0.5,"starting_scale_y":0.173828125,"on_tracking":1,"a_ratio":0.34765625,"modefied_date":"2021-11-09 09:17:16","animation":[],"events":[]},{"image_name":"PSmoSI3","referenced_id":"PSmoSI3","url":"1636449077.png","url_data":{},"position":{"x":"0.7766","z":"0","y":"1.5705"},"rotation":{"x":"90","y":"0","z":"0"},"scaling":{"x":"0.5","y":"0.1735","z":"0.5"},"opacity":"255","starting_scale_x":0.5,"starting_scale_y":0.173828125,"on_tracking":1,"a_ratio":0.34765625,"modefied_date":"2021-11-09 09:17:16","animation":[],"events":[]},{"image_name":"PSr0rV2","referenced_id":"PSr0rV2","url":"1636449082.png","url_data":{},"position":{"x":"-0.747","z":"0","y":"1.5705"},"rotation":{"x":"90","y":"0","z":"0"},"scaling":{"x":"0.5","y":"0.1735","z":"0.5"},"opacity":"255","starting_scale_x":0.5,"starting_scale_y":0.173828125,"on_tracking":1,"a_ratio":0.34765625,"modefied_date":"2021-11-09 09:17:16","animation":[],"events":[]},{"image_name":"PSmKMd9","referenced_id":"PSmKMd9","url":"1636449097.png","url_data":{},"position":{"x":"-0.7502","z":"0","y":"1.3522"},"rotation":{"x":"90","y":"0","z":"0"},"scaling":{"x":"0.3898","y":"0.1352","z":"0.3898"},"opacity":"255","starting_scale_x":0.5,"starting_scale_y":0.173828125,"on_tracking":1,"a_ratio":0.34765625,"modefied_date":"2021-11-09 09:17:16","animation":[],"events":[]}],"sprite_images":[],"videos":[],"audios":[],"models":[{"position":{"x":"-0.7775","z":"0.7607","y":"0"},"rotation":{"x":"90","y":"0","z":"0"},"scaling":{"x":"2.4441","y":"2.4441","z":"2.4441"},"model_name":"d34Lo","shader_type":"Standard","on_tracking":1,"shaders":{"metallic_value":0,"smooth_value":0,"high_map_range":0.005,"occlusion_range":0,"emission_enable":0,"emission_color":"","albedo_color":"","albedo_texture":"","emission_texture":"","normal_map_texture":"","bump_map_texture":"","occlussion_texture":"","mettalic_texture":""},"child_meshes":[],"modefied_date":"2021-11-09 09:17:16","model_zip_path":"d34Lo.glb","url_data":{},"opacity":255,"animation":{"parent":[{"animation_type":"rotate","animation_vector":"y","end_value":"360","delay_time":0,"animation_speed":2.5,"animation_loop":"0","parent_id":"d34Lo","content_id":"d34Lo"}],"child":[],"child_names":[]},"events":{"parent":{"single_tap":[{"parent_id":"d34Lo","content_id":"d34Lo","content_type":"3d","event_type":"single_tap","event_action":"scene","object_data":{"object_body":"","object_name":"sgycnp","object_type":"scenes"}}]},"child":[],"child_names":[]}},{"position":{"x":"0","z":"0.769","y":"0"},"rotation":{"x":"90","y":"437.555","z":"0"},"scaling":{"x":"0.0007","y":"0.0007","z":"0.0007"},"model_name":"LglNX","shader_type":"Standard","on_tracking":1,"shaders":{"metallic_value":0,"smooth_value":0,"high_map_range":0.005,"occlusion_range":0,"emission_enable":0,"emission_color":"","albedo_color":"","albedo_texture":"","emission_texture":"","normal_map_texture":"","bump_map_texture":"","occlussion_texture":"","mettalic_texture":""},"child_meshes":[],"modefied_date":"2021-11-09 09:25:06","model_zip_path":"LglNX.glb","url_data":{},"opacity":255,"animation":{"parent":[{"animation_type":"rotate","animation_vector":"y","end_value":"360","delay_time":0,"animation_speed":2.5,"animation_loop":"0","parent_id":"LglNX","content_id":"LglNX"}],"child":[],"child_names":[]},"events":{"parent":[],"child":[],"child_names":[]}},{"position":{"x":"0.7833","z":"0.7676","y":"0"},"rotation":{"x":"90","y":"0","z":"0"},"scaling":{"x":"1.6667","y":"1.6667","z":"1.6667"},"model_name":"Vhuha","shader_type":"Standard","on_tracking":1,"shaders":{"metallic_value":0,"smooth_value":0,"high_map_range":0.005,"occlusion_range":0,"emission_enable":0,"emission_color":"","albedo_color":"","albedo_texture":"","emission_texture":"","normal_map_texture":"","bump_map_texture":"","occlussion_texture":"","mettalic_texture":""},"child_meshes":[],"modefied_date":"2021-11-09 09:17:16","model_zip_path":"Vhuha.glb","url_data":{},"opacity":255,"animation":{"parent":[{"animation_type":"rotate","animation_vector":"y","end_value":"360","delay_time":0,"animation_speed":2.5,"animation_loop":"0","parent_id":"Vhuha","content_id":"Vhuha"}],"child":[],"child_names":[]},"events":{"parent":[],"child":[],"child_names":[]}}],"buttons":[],"texts":[],"lights":[{"name":"Directional","position":{"x":"0","z":"-1","y":"1.5"},"rotation":{"x":"50","y":"-30","z":"0"},"scale":{"x":"1","y":"1","z":"1"},"color":"#ffffff","intensity":0.7,"shadow":1,"shadow_strength":0.5,"range":0},{"name":"Ambient","position":{"x":"0","z":"-1","y":"1.5"},"rotation":{"x":"50","y":"-30","z":"0"},"scale":{"x":"1","y":"1","z":"1"},"color":"#ffffff","intensity":1.3,"shadow":1,"shadow_strength":0.5,"range":0}],"widgets":[],"default_elements":[],"ui_elements_shapes":[],"ui_elements_texts":[],"ui_elements_images":[],"groups":[]},{"anchor_meta_data":{},"scene_name":"sgycnp","env_map":"https:\/\/plugxrassets.s3.ap-south-1.amazonaws.com\/envmap.jpeg","env_map_intensity":1,"images":[{"image_name":"PS1mZDB","referenced_id":"PS1mZDB","url":"1636449568.png","url_data":{},"position":{"x":"0","z":"0","y":"1.0671"},"rotation":{"x":"90","y":"0","z":"0"},"scaling":{"x":"0.5925","y":"0.206","z":"0.5"},"opacity":"255","starting_scale_x":0.5,"starting_scale_y":0.173828125,"on_tracking":0,"a_ratio":0.34765625,"modefied_date":"2021-11-09 09:22:05","animation":[{"animation_type":"Show","animation_vector":"x","end_value":"0","delay_time":5.06,"animation_speed":2.5,"animation_loop":"-1","parent_id":"PS1mZDB","content_id":"PS1mZDB"}],"events":{"single_tap":[{"parent_id":"PS1mZDB","content_id":"PS1mZDB","content_type":"image","event_type":"single_tap","event_action":"scene","object_data":{"object_body":"","object_name":"default","object_type":"scenes"}}]}},{"image_name":"PSVYOjK","referenced_id":"PSVYOjK","url":"1636449562.png","url_data":{},"position":{"x":"0","z":"0","y":"1.0671"},"rotation":{"x":"90","y":"0","z":"0"},"scaling":{"x":"0.5925","y":"0.2056","z":"0.5925"},"opacity":"255","starting_scale_x":0.5,"starting_scale_y":0.173828125,"on_tracking":1,"a_ratio":0.34765625,"modefied_date":"2021-11-09 09:22:05","animation":[{"animation_type":"fade_in","animation_vector":"x","end_value":"1","delay_time":2.6,"animation_speed":2.5,"animation_loop":"0","parent_id":"PSVYOjK","content_id":"PSVYOjK"},{"animation_type":"Hide","animation_vector":"x","end_value":"0","delay_time":4.45,"animation_speed":2.5,"animation_loop":"-1","parent_id":"PSVYOjK","content_id":"PSVYOjK"}],"events":[]}],"sprite_images":[],"videos":[],"audios":[],"models":[{"position":{"x":"0","z":"0.4693","y":"0"},"rotation":{"x":"90","y":"0","z":"0"},"scaling":{"x":"3.6056","y":"3.6056","z":"3.6056"},"model_name":"60G1U","shader_type":"Standard","on_tracking":1,"shaders":{"metallic_value":0,"smooth_value":0,"high_map_range":0.005,"occlusion_range":0,"emission_enable":0,"emission_color":"","albedo_color":"","albedo_texture":"","emission_texture":"","normal_map_texture":"","bump_map_texture":"","occlussion_texture":"","mettalic_texture":""},"child_meshes":[],"modefied_date":"2021-11-09 09:22:05","model_zip_path":"60G1U.glb","url_data":{},"opacity":255,"animation":{"parent":[{"animation_type":"rotate","animation_vector":"y","end_value":"360","delay_time":0,"animation_speed":2.5,"animation_loop":"-1","parent_id":"60G1U","content_id":"60G1U"}],"child":[],"child_names":[]},"events":{"parent":[],"child":[],"child_names":[]}}],"buttons":[],"texts":[],"lights":[{"name":"Directional","position":{"x":"0","z":"-1","y":"1.5"},"rotation":{"x":"50","y":"-30","z":"0"},"scale":{"x":"1","y":"1","z":"1"},"color":"#ffffff","intensity":0.7,"shadow":1,"shadow_strength":0.5,"range":0},{"name":"Ambient","position":{"x":"0","z":"-1","y":"1.5"},"rotation":{"x":"50","y":"-30","z":"0"},"scale":{"x":"1","y":"1","z":"1"},"color":"#ffffff","intensity":1.3,"shadow":1,"shadow_strength":0.5,"range":0}],"widgets":[],"default_elements":[],"ui_elements_shapes":[],"ui_elements_texts":[],"ui_elements_images":[],"groups":[]}]